epoch,train_loss,val_loss
1,0.005,0.011443640105426311
2,0.0044,0.010799800045788288
3,0.0015,0.010431637056171894
4,0.0023,0.010415537282824516
5,0.0035,0.011607984080910683
6,0.0025,0.01089561264961958
7,0.0031,0.011976854875683784
8,0.0049,0.010976948775351048
9,0.0015,0.012971486896276474
10,0.0021,0.010495204478502274
11,0.0039,0.011731307953596115
12,0.0025,0.010425788350403309
13,0.0014,0.010226191952824593
14,0.0021,0.010492500849068165
15,0.0022,0.012139685451984406
16,0.0029,0.010652391240000725
17,0.0019,0.010867596603929996
18,0.003,0.010147531516849995
19,0.0048,0.010397407226264477
20,0.0041,0.010281960479915142
21,0.0014,0.010005435906350613
22,0.0058,0.010172332637012005
23,0.0028,0.010081496089696884
24,0.0064,0.010434028692543507
25,0.0027,0.010287797078490257
26,0.0044,0.011209884658455849
27,0.0026,0.010195691138505936
28,0.0045,0.00998491421341896
29,0.0068,0.009930758737027645
30,0.0017,0.010259132832288742
31,0.0048,0.009971260093152523
32,0.0035,0.0100483987480402
33,0.0035,0.01003698818385601
34,0.0017,0.009998423978686333
35,0.0048,0.009903731755912304
36,0.0024,0.010382350534200668
37,0.0038,0.009971539489924908
38,0.0027,0.009879986755549908
39,0.0016,0.010013116523623466
40,0.004,0.009952714666724205
41,0.0011,0.009921163320541382
42,0.0018,0.009875989519059658
43,0.0045,0.010089055635035038
44,0.0023,0.009976007044315338
45,0.0048,0.009878890588879585
46,0.0032,0.009880755096673965
47,0.0039,0.009907341562211514
48,0.0016,0.009933522902429104
49,0.0055,0.009843752719461918
50,0.0036,0.009841227903962135
51,0.0025,
52,0.0033,
53,0.003,
54,0.0052,
55,0.003,
56,0.0015,
57,0.0037,
58,0.006,
59,0.0026,
60,0.0031,
61,0.0016,
62,0.0025,
63,0.0013,
64,0.0034,
65,0.0025,
66,0.0024,
67,0.0009,
68,0.0056,
69,0.003,
70,0.0035,
71,0.0025,
72,0.0069,
73,0.0025,
74,0.0022,
75,0.0034,
76,0.0048,
77,0.0018,
78,0.0041,
79,0.0042,
80,0.0056,
81,0.0029,
82,0.0014,
83,0.0022,
84,0.0023,
85,0.0029,
86,0.005,
87,0.0011,
88,0.002,
89,0.0048,
90,0.0052,
91,0.0042,
92,0.0054,
93,0.0021,
94,0.0016,
95,0.0029,
96,0.0039,
97,0.0054,
98,0.0044,
99,0.0038,
100,0.0012,
101,0.0018,
102,0.0043,
103,0.0014,
104,0.0032,
105,0.0036,
106,0.0033,
107,0.0012,
108,0.0033,
109,0.0036,
110,0.005,
111,0.0038,
112,0.0049,
113,0.0017,
114,0.0061,
115,0.0055,
116,0.0022,
117,0.0051,
118,0.0018,
119,0.0017,
120,0.0038,
121,0.0018,
122,0.0045,
123,0.0028,
124,0.0016,
125,0.0028,
126,0.0039,
127,0.0027,
128,0.0031,
129,0.0021,
130,0.0007,
131,0.0005,
132,0.0006,
133,0.0038,
134,0.0028,
135,0.0024,
136,0.0029,
137,0.0036,
138,0.0012,
139,0.0028,
140,0.0035,
141,0.003,
142,0.0027,
143,0.0024,
144,0.0056,
145,0.0011,
146,0.0018,
147,0.0055,
148,0.0056,
149,0.0053,
150,0.0047,
151,0.0018,
152,0.0035,
153,0.0033,
154,0.0025,
155,0.0038,
156,0.0038,
157,0.0018,
158,0.0016,
159,0.0018,
160,0.003,
161,0.0032,
162,0.0018,
163,0.006,
164,0.0023,
165,0.0021,
166,0.0029,
167,0.0024,
168,0.0011,
169,0.0029,
170,0.0031,
171,0.002,
172,0.0015,
173,0.0056,
174,0.0027,
175,0.0038,
176,0.0011,
177,0.0016,
178,0.0032,
179,0.0031,
180,0.0024,
181,0.0018,
182,0.006,
183,0.0028,
184,0.0038,
185,0.0012,
186,0.0051,
187,0.0014,
188,0.0075,
189,0.0017,
190,0.0031,
191,0.0021,
192,0.0058,
193,0.0039,
194,0.0042,
195,0.0021,
196,0.0059,
197,0.001,
198,0.0051,
199,0.0029,
200,0.0042,
201,0.0046,
202,0.0024,
203,0.0012,
204,0.0029,
205,0.0059,
206,0.0048,
207,0.0021,
208,0.0019,
209,0.0049,
210,0.0032,
211,0.0031,
212,0.0043,
213,0.0042,
214,0.0025,
215,0.0038,
216,0.0022,
217,0.003,
218,0.001,
219,0.0042,
220,0.0039,
221,0.003,
222,0.0014,
223,0.0064,
224,0.0041,
225,0.0006,
226,0.0034,
227,0.0026,
228,0.001,
229,0.0023,
230,0.003,
231,0.0022,
232,0.0013,
233,0.0023,
234,0.0011,
235,0.004,
236,0.0042,
237,0.0014,
238,0.0023,
239,0.0022,
240,0.0013,
241,0.0019,
242,0.0029,
243,0.0039,
244,0.0033,
245,0.0053,
246,0.002,
247,0.0031,
248,0.0048,
249,0.0039,
250,0.0045,
251,0.0039,
252,0.0021,
253,0.0029,
254,0.004,
255,0.0036,
256,0.0045,
257,0.0026,
258,0.0038,
259,0.0018,
260,0.0046,
261,0.0064,
262,0.0023,
263,0.0061,
264,0.0043,
265,0.005,
266,0.0011,
267,0.0027,
268,0.0014,
269,0.0028,
270,0.0066,
271,0.0043,
272,0.0028,
273,0.0042,
274,0.0042,
275,0.0029,
276,0.0013,
277,0.0046,
278,0.0024,
279,0.0022,
280,0.0069,
281,0.0048,
282,0.004,
283,0.0053,
284,0.0036,
285,0.0012,
286,0.0037,
287,0.005,
288,0.0026,
289,0.0027,
290,0.0018,
291,0.002,
292,0.0023,
293,0.0027,
294,0.003,
295,0.0025,
296,0.0041,
297,0.0017,
298,0.0045,
299,0.001,
300,0.002,
301,0.0024,
302,0.0054,
303,0.004,
304,0.0031,
305,0.0022,
306,0.0021,
307,0.0041,
308,0.0083,
309,0.0029,
310,0.0074,
311,0.002,
312,0.0033,
313,0.0028,
314,0.0015,
315,0.0054,
316,0.0015,
317,0.0021,
318,0.0044,
319,0.0036,
320,0.0039,
321,0.0022,
322,0.004,
323,0.0032,
324,0.0013,
325,0.0012,
326,0.0022,
327,0.0009,
328,0.0017,
329,0.0026,
330,0.0009,
331,0.0039,
332,0.0051,
333,0.0006,
334,0.0025,
335,0.0025,
336,0.0011,
337,0.0025,
338,0.0045,
339,0.0032,
340,0.0022,
341,0.0033,
342,0.0014,
343,0.0021,
344,0.0022,
345,0.0023,
346,0.0035,
347,0.003,
348,0.002,
349,0.0037,
350,0.0021,
351,0.0039,
352,0.0026,
353,0.0012,
354,0.0025,
355,0.0007,
356,0.002,
357,0.0018,
358,0.0033,
359,0.0039,
360,0.0025,
361,0.0041,
362,0.0037,
363,0.0013,
364,0.0041,
365,0.0027,
366,0.0036,
367,0.0031,
368,0.0035,
369,0.0038,
370,0.0015,
371,0.0039,
372,0.0025,
373,0.0026,
374,0.0034,
375,0.0032,
376,0.005,
377,0.004,
378,0.0043,
379,0.0018,
380,0.001,
381,0.0023,
382,0.0021,
383,0.0014,
384,0.0024,
385,0.0046,
386,0.0019,
387,0.0038,
388,0.001,
389,0.0043,
390,0.0023,
391,0.0031,
392,0.0019,
393,0.0027,
394,0.002,
395,0.0031,
396,0.0017,
397,0.0064,
398,0.0021,
399,0.0016,
400,0.0027,
401,0.0039,
402,0.0053,
403,0.0017,
404,0.002,
405,0.002,
406,0.0037,
407,0.0032,
408,0.0021,
409,0.005,
410,0.0008,
411,0.0051,
412,0.0021,
413,0.0033,
414,0.0041,
415,0.0019,
416,0.0058,
417,0.0025,
418,0.0026,
419,0.0043,
420,0.0026,
421,0.0035,
422,0.0016,
423,0.0023,
424,0.0018,
425,0.0036,
426,0.0048,
427,0.003,
428,0.0028,
429,0.0007,
430,0.0034,
431,0.0042,
432,0.001,
433,0.0037,
434,0.0029,
435,0.003,
436,0.0089,
437,0.0039,
438,0.0027,
439,0.0045,
440,0.0009,
441,0.0051,
442,0.0029,
443,0.0043,
444,0.0025,
445,0.0027,
446,0.0039,
447,0.0006,
448,0.003,
449,0.0034,
450,0.0032,
451,0.0029,
452,0.0008,
453,0.002,
454,0.0034,
455,0.001,
456,0.0032,
457,0.0061,
458,0.0037,
459,0.0019,
460,0.0017,
461,0.006,
462,0.003,
463,0.0041,
464,0.0014,
465,0.0019,
466,0.0019,
467,0.0029,
468,0.0041,
469,0.0014,
470,0.0045,
471,0.0036,
472,0.0027,
473,0.0031,
474,0.0033,
475,0.0061,
476,0.0016,
477,0.0014,
478,0.0021,
479,0.0066,
480,0.0009,
481,0.0033,
482,0.0036,
483,0.0039,
484,0.0029,
485,0.0029,
486,0.0025,
487,0.002,
488,0.0056,
489,0.0033,
490,0.0041,
491,0.0039,
492,0.003,
493,0.0029,
494,0.0013,
495,0.0017,
496,0.0013,
497,0.0015,
498,0.0021,
499,0.0046,
500,0.003,
501,0.0022,
502,0.0015,
503,0.003,
504,0.0018,
505,0.0038,
506,0.0077,
507,0.0068,
508,0.0059,
509,0.0025,
510,0.0046,
511,0.004,
512,0.0036,
513,0.0026,
514,0.002,
515,0.0026,
516,0.0051,
517,0.0034,
518,0.0016,
519,0.0035,
520,0.0014,
521,0.0008,
522,0.0021,
523,0.0019,
524,0.0022,
525,0.0032,
526,0.0035,
527,0.0018,
528,0.0049,
529,0.003,
530,0.0037,
531,0.0018,
532,0.0027,
533,0.0025,
534,0.0019,
535,0.0043,
536,0.0027,
537,0.0015,
538,0.0014,
539,0.0037,
540,0.0044,
541,0.0055,
542,0.0012,
543,0.0012,
544,0.0006,
545,0.0032,
546,0.0018,
547,0.0025,
548,0.0031,
549,0.0029,
550,0.0015,
551,0.0019,
552,0.0016,
553,0.002,
554,0.0047,
555,0.0024,
556,0.002,
557,0.0056,
558,0.0043,
559,0.0054,
560,0.003,
561,0.0025,
562,0.0017,
563,0.0018,
564,0.0019,
565,0.0034,
566,0.002,
567,0.0017,
568,0.0028,
569,0.0024,
570,0.0021,
571,0.0009,
572,0.0016,
573,0.0011,
574,0.0022,
575,0.002,
576,0.0026,
577,0.003,
578,0.0014,
579,0.0044,
580,0.0083,
581,0.0021,
582,0.0024,
583,0.0017,
584,0.003,
585,0.0032,
586,0.0043,
587,0.0017,
588,0.0021,
589,0.0015,
590,0.0034,
591,0.002,
592,0.0034,
593,0.001,
594,0.0047,
595,0.0024,
596,0.0024,
597,0.0011,
598,0.0019,
599,0.0026,
600,0.006,
601,0.002,
602,0.0042,
603,0.0014,
604,0.0037,
605,0.0067,
606,0.0011,
607,0.0034,
608,0.0025,
609,0.0021,
610,0.0048,
611,0.0024,
612,0.0006,
613,0.0039,
614,0.0029,
615,0.0026,
616,0.0016,
617,0.005,
618,0.0029,
619,0.0016,
620,0.0044,
621,0.0027,
622,0.0031,
623,0.0024,
624,0.0039,
625,0.0039,
626,0.0023,
627,0.0028,
628,0.0038,
629,0.0022,
630,0.0014,
631,0.0032,
632,0.0022,
633,0.0011,
634,0.0021,
635,0.0027,
636,0.0049,
637,0.0011,
638,0.0013,
639,0.001,
640,0.0033,
641,0.0034,
642,0.0024,
643,0.0011,
644,0.0015,
645,0.0048,
646,0.0021,
647,0.0028,
648,0.0038,
649,0.0029,
650,0.0025,
651,0.0021,
652,0.0015,
653,0.002,
654,0.0037,
655,0.0021,
656,0.0036,
657,0.0041,
658,0.0017,
659,0.003,
660,0.0027,
661,0.0035,
662,0.0022,
663,0.003,
664,0.0016,
665,0.0015,
666,0.0058,
667,0.0031,
668,0.0035,
669,0.0055,
670,0.0062,
671,0.0012,
672,0.0023,
673,0.0013,
674,0.0028,
675,0.0051,
676,0.0023,
677,0.0034,
678,0.0039,
679,0.0008,
680,0.003,
681,0.002,
682,0.0025,
683,0.0051,
684,0.0039,
685,0.0026,
686,0.0009,
687,0.0028,
688,0.0034,
689,0.0044,
690,0.0011,
691,0.002,
692,0.0028,
693,0.0023,
694,0.0035,
695,0.0057,
696,0.0009,
697,0.0058,
698,0.001,
699,0.0025,
700,0.0026,
701,0.0035,
702,0.0048,
703,0.0027,
704,0.004,
705,0.004,
706,0.0017,
707,0.004,
708,0.0032,
709,0.0034,
710,0.0012,
711,0.0035,
712,0.0029,
713,0.0008,
714,0.0038,
715,0.0022,
716,0.0025,
717,0.0018,
718,0.0016,
719,0.0053,
720,0.0021,
721,0.0019,
722,0.0029,
723,0.0026,
724,0.0013,
725,0.0007,
726,0.0034,
727,0.0007,
728,0.0033,
729,0.0034,
730,0.0018,
731,0.002,
732,0.0048,
733,0.0043,
734,0.0021,
735,0.002,
736,0.0028,
737,0.0019,
738,0.0031,
739,0.0045,
740,0.0009,
741,0.0016,
742,0.0022,
743,0.0027,
744,0.0044,
745,0.0029,
746,0.0031,
747,0.0036,
748,0.0018,
749,0.0024,
750,0.0027,
751,0.0025,
752,0.0042,
753,0.0024,
754,0.0012,
755,0.0005,
756,0.0029,
757,0.0031,
758,0.0015,
759,0.0049,
760,0.004,
761,0.0047,
762,0.0055,
763,0.002,
764,0.0038,
765,0.0018,
766,0.0033,
767,0.0043,
768,0.0014,
769,0.0019,
770,0.0032,
771,0.0026,
772,0.004,
773,0.0027,
774,0.0026,
775,0.0005,
776,0.0025,
777,0.0041,
778,0.0014,
779,0.0012,
780,0.0032,
781,0.0042,
782,0.0035,
783,0.0015,
784,0.0024,
785,0.0051,
786,0.0063,
787,0.0053,
788,0.0023,
789,0.0056,
790,0.004,
791,0.0021,
792,0.0018,
793,0.0014,
794,0.0017,
795,0.001,
796,0.0018,
797,0.0024,
798,0.0052,
799,0.0021,
800,0.0053,
801,0.0029,
802,0.0025,
803,0.0039,
804,0.0032,
805,0.0035,
806,0.0022,
807,0.0041,
808,0.0034,
809,0.0017,
810,0.0013,
811,0.0056,
812,0.0011,
813,0.0023,
814,0.0007,
815,0.0018,
816,0.0015,
817,0.0031,
818,0.0026,
819,0.0011,
820,0.0014,
821,0.0015,
822,0.0057,
823,0.0018,
824,0.0038,
825,0.0056,
826,0.0013,
827,0.001,
828,0.0042,
829,0.001,
830,0.003,
831,0.0031,
832,0.0038,
833,0.0028,
834,0.0013,
835,0.0011,
836,0.0006,
837,0.0026,
838,0.0022,
839,0.0005,
840,0.0015,
841,0.0035,
842,0.0039,
843,0.002,
844,0.0039,
845,0.0031,
846,0.0032,
847,0.0024,
848,0.0024,
849,0.0013,
850,0.0022,
851,0.0047,
852,0.0033,
853,0.001,
854,0.0037,
855,0.0014,
856,0.003,
857,0.0014,
858,0.0036,
859,0.0008,
860,0.003,
861,0.0025,
862,0.0014,
863,0.0013,
864,0.0018,
865,0.0059,
866,0.0032,
867,0.004,
868,0.0022,
869,0.0037,
870,0.0015,
871,0.0054,
872,0.0031,
873,0.002,
874,0.0027,
875,0.0011,
876,0.0011,
877,0.0049,
878,0.0027,
879,0.0014,
880,0.0041,
881,0.0009,
882,0.0009,
883,0.005,
884,0.0039,
885,0.0035,
886,0.0023,
887,0.0044,
888,0.0034,
889,0.004,
890,0.0025,
891,0.0046,
892,0.0048,
893,0.0028,
894,0.0045,
895,0.0031,
896,0.001,
897,0.0013,
898,0.0037,
899,0.0006,
900,0.0007,
901,0.003,
902,0.0058,
903,0.0009,
904,0.0025,
905,0.0039,
906,0.0025,
907,0.0014,
908,0.0029,
909,0.0053,
910,0.0018,
911,0.0035,
912,0.0015,
913,0.0019,
914,0.0058,
915,0.0018,
916,0.0013,
917,0.0019,
918,0.0022,
919,0.0042,
920,0.0026,
921,0.0052,
922,0.0015,
923,0.0028,
924,0.0021,
925,0.0033,
926,0.0017,
927,0.0016,
928,0.0022,
929,0.0041,
930,0.0019,
931,0.0034,
932,0.0049,
933,0.0018,
934,0.0022,
935,0.0044,
936,0.0018,
937,0.0018,
938,0.0024,
939,0.0034,
940,0.0049,
941,0.001,
942,0.0047,
943,0.0009,
944,0.001,
945,0.0025,
946,0.0026,
947,0.0044,
948,0.004,
949,0.0033,
950,0.0025,
951,0.0025,
952,0.0037,
953,0.0005,
954,0.0011,
955,0.0038,
956,0.0041,
957,0.0023,
958,0.0013,
959,0.0018,
960,0.0008,
961,0.0029,
962,0.0058,
963,0.0036,
964,0.0009,
965,0.0023,
966,0.0022,
967,0.0025,
968,0.0022,
969,0.0045,
970,0.0038,
971,0.0008,
972,0.0025,
973,0.0023,
974,0.004,
975,0.0035,
976,0.0026,
977,0.0012,
978,0.0024,
979,0.0038,
980,0.0022,
981,0.0031,
982,0.0021,
983,0.0018,
984,0.0054,
985,0.0025,
986,0.0063,
987,0.0017,
988,0.0033,
989,0.0021,
990,0.0011,
991,0.0044,
992,0.0055,
993,0.0032,
994,0.0012,
995,0.0025,
996,0.0027,
997,0.0012,
998,0.0008,
999,0.0025,
1000,0.0022,
1001,0.0009,
1002,0.0018,
1003,0.0022,
1004,0.001,
1005,0.0027,
1006,0.0036,
1007,0.0027,
1008,0.0012,
1009,0.0037,
1010,0.0044,
1011,0.0012,
1012,0.0021,
1013,0.0026,
1014,0.003,
1015,0.0036,
1016,0.0048,
1017,0.0023,
1018,0.0048,
1019,0.003,
1020,0.0036,
1021,0.0012,
1022,0.0006,
1023,0.0013,
1024,0.0008,
1025,0.0032,
1026,0.0003,
1027,0.0024,
1028,0.0037,
1029,0.0034,
1030,0.0048,
1031,0.0016,
1032,0.0015,
1033,0.0017,
1034,0.0061,
1035,0.0019,
1036,0.0016,
1037,0.0019,
1038,0.0036,
1039,0.0031,
1040,0.0025,
1041,0.0015,
1042,0.0034,
1043,0.0017,
1044,0.0032,
1045,0.003,
1046,0.002,
1047,0.0022,
1048,0.0027,
1049,0.0031,
1050,0.0018,
1051,0.001,
1052,0.0021,
1053,0.0014,
1054,0.0025,
1055,0.0035,
1056,0.002,
1057,0.0012,
1058,0.0024,
1059,0.0018,
1060,0.0061,
1061,0.0053,
1062,0.0025,
1063,0.0017,
1064,0.0011,
1065,0.0021,
1066,0.003,
1067,0.0014,
1068,0.0025,
1069,0.0011,
1070,0.001,
1071,0.0054,
1072,0.0031,
1073,0.0024,
1074,0.0026,
1075,0.002,
1076,0.0014,
1077,0.0008,
1078,0.0026,
1079,0.0046,
1080,0.003,
1081,0.0009,
1082,0.0029,
1083,0.0026,
1084,0.0013,
1085,0.0039,
1086,0.0024,
1087,0.0012,
1088,0.0023,
1089,0.0011,
1090,0.0019,
1091,0.0037,
1092,0.0023,
1093,0.0013,
1094,0.0027,
1095,0.0038,
1096,0.0024,
1097,0.0011,
1098,0.0016,
1099,0.0031,
1100,0.0028,
1101,0.0039,
1102,0.0021,
1103,0.0038,
1104,0.0099,
1105,0.0036,
1106,0.0023,
1107,0.0007,
1108,0.0038,
1109,0.0062,
1110,0.002,
1111,0.0011,
1112,0.0053,
1113,0.0015,
1114,0.0013,
1115,0.0022,
1116,0.0024,
1117,0.0034,
1118,0.0009,
1119,0.0022,
1120,0.0019,
1121,0.0016,
1122,0.0017,
1123,0.0033,
1124,0.0048,
1125,0.0027,
1126,0.0015,
1127,0.0041,
1128,0.0046,
1129,0.0024,
1130,0.0006,
1131,0.0047,
1132,0.0021,
1133,0.0034,
1134,0.0014,
1135,0.001,
1136,0.0005,
1137,0.0031,
1138,0.0012,
1139,0.0045,
1140,0.0045,
1141,0.0058,
1142,0.0022,
1143,0.0026,
1144,0.0064,
1145,0.0046,
1146,0.0021,
1147,0.0011,
1148,0.0035,
1149,0.001,
1150,0.0012,
1151,0.0006,
1152,0.0007,
1153,0.0018,
1154,0.0017,
1155,0.0023,
1156,0.0027,
1157,0.0025,
1158,0.001,
1159,0.002,
1160,0.0045,
1161,0.0055,
1162,0.0039,
1163,0.0019,
1164,0.0017,
1165,0.0029,
1166,0.0044,
1167,0.0044,
1168,0.0035,
1169,0.0037,
1170,0.0024,
1171,0.0011,
1172,0.0014,
1173,0.005,
1174,0.0028,
1175,0.001,
1176,0.0019,
1177,0.0039,
1178,0.0009,
1179,0.0024,
1180,0.002,
1181,0.0013,
1182,0.0022,
1183,0.0028,
1184,0.0012,
1185,0.0028,
1186,0.0018,
1187,0.0033,
1188,0.0038,
1189,0.0011,
1190,0.0016,
1191,0.0011,
1192,0.0006,
1193,0.0036,
1194,0.0046,
1195,0.0039,
1196,0.0015,
1197,0.0014,
1198,0.0052,
1199,0.0012,
1200,0.0018,
1201,0.0018,
1202,0.0033,
1203,0.0004,
1204,0.0012,
1205,0.0031,
1206,0.0023,
1207,0.0036,
1208,0.0017,
1209,0.0017,
1210,0.0008,
1211,0.0017,
1212,0.0016,
1213,0.0021,
1214,0.0015,
1215,0.0034,
1216,0.0011,
1217,0.0041,
1218,0.0087,
1219,0.0018,
1220,0.0033,
1221,0.001,
1222,0.0033,
1223,0.0026,
1224,0.0012,
1225,0.0016,
1226,0.0031,
1227,0.0042,
1228,0.0043,
1229,0.0009,
1230,0.0035,
1231,0.0029,
1232,0.0041,
1233,0.0011,
1234,0.0006,
1235,0.0023,
1236,0.0034,
1237,0.0026,
1238,0.0034,
1239,0.0059,
1240,0.0019,
1241,0.0024,
1242,0.0029,
1243,0.0016,
1244,0.0026,
1245,0.0009,
1246,0.0011,
1247,0.0005,
1248,0.0026,
1249,0.0052,
1250,0.0059,
1251,0.0057,
1252,0.0048,
1253,0.0013,
1254,0.0027,
1255,0.0014,
1256,0.0017,
1257,0.003,
1258,0.0013,
1259,0.0016,
1260,0.0021,
1261,0.0047,
1262,0.0045,
1263,0.0003,
1264,0.0008,
1265,0.0038,
1266,0.0012,
1267,0.0022,
1268,0.0028,
1269,0.003,
1270,0.0034,
1271,0.0043,
1272,0.0049,
1273,0.002,
1274,0.0023,
1275,0.0011,
1276,0.0029,
1277,0.0024,
1278,0.0035,
1279,0.0024,
1280,0.0006,
1281,0.0024,
1282,0.0046,
1283,0.0036,
1284,0.0027,
1285,0.0013,
1286,0.0025,
1287,0.0025,
1288,0.0022,
1289,0.0042,
1290,0.0019,
1291,0.003,
1292,0.0003,
1293,0.0038,
1294,0.0054,
1295,0.0017,
1296,0.0028,
1297,0.0005,
1298,0.0025,
1299,0.0008,
1300,0.002,
1301,0.0007,
1302,0.0008,
1303,0.005,
1304,0.0038,
1305,0.0043,
1306,0.0011,
1307,0.0022,
1308,0.0025,
1309,0.004,
1310,0.0042,
1311,0.0029,
1312,0.0019,
1313,0.0009,
1314,0.0016,
1315,0.0031,
1316,0.0023,
1317,0.0043,
1318,0.0006,
1319,0.0035,
1320,0.0022,
1321,0.0024,
1322,0.0015,
1323,0.0019,
1324,0.0015,
1325,0.0011,
1326,0.0029,
1327,0.003,
1328,0.0021,
1329,0.0032,
1330,0.0022,
1331,0.0066,
1332,0.0007,
1333,0.0024,
1334,0.001,
1335,0.0024,
1336,0.0042,
1337,0.0012,
1338,0.0037,
1339,0.0035,
1340,0.0021,
1341,0.0012,
1342,0.0026,
1343,0.0026,
1344,0.0037,
1345,0.003,
1346,0.001,
1347,0.0003,
1348,0.0031,
1349,0.0048,
1350,0.003,
1351,0.0021,
1352,0.0029,
1353,0.0015,
1354,0.0015,
1355,0.0014,
1356,0.0054,
1357,0.0037,
1358,0.0021,
1359,0.0011,
1360,0.0009,
1361,0.0028,
1362,0.0028,
1363,0.0033,
1364,0.003,
1365,0.0011,
1366,0.0055,
1367,0.001,
1368,0.0057,
1369,0.0015,
1370,0.0011,
1371,0.0026,
1372,0.0012,
1373,0.0017,
1374,0.0014,
1375,0.0028,
1376,0.0006,
1377,0.0027,
1378,0.0033,
1379,0.0012,
1380,0.0021,
1381,0.0057,
1382,0.001,
1383,0.005,
1384,0.0016,
1385,0.004,
1386,0.002,
1387,0.0035,
1388,0.0034,
1389,0.0031,
1390,0.0021,
1391,0.0036,
1392,0.0013,
1393,0.0028,
1394,0.0018,
1395,0.0014,
1396,0.0026,
1397,0.0042,
1398,0.0063,
1399,0.0029,
1400,0.0022,
1401,0.0017,
1402,0.0014,
1403,0.0026,
1404,0.0012,
1405,0.0015,
1406,0.0021,
1407,0.0038,
1408,0.0017,
1409,0.0008,
1410,0.0038,
1411,0.0026,
1412,0.0016,
1413,0.0033,
1414,0.0055,
1415,0.0047,
1416,0.0024,
1417,0.0045,
1418,0.0019,
1419,0.0027,
1420,0.0017,
1421,0.0031,
1422,0.0006,
1423,0.0008,
1424,0.0036,
1425,0.0029,
1426,0.0008,
1427,0.0018,
1428,0.0018,
1429,0.0022,
1430,0.0021,
1431,0.0017,
1432,0.0017,
1433,0.0038,
1434,0.0041,
1435,0.0015,
1436,0.0043,
1437,0.0011,
1438,0.0035,
1439,0.0008,
1440,0.0012,
1441,0.0009,
1442,0.0033,
1443,0.003,
1444,0.0033,
1445,0.0009,
1446,0.0067,
1447,0.0016,
1448,0.0025,
1449,0.0036,
1450,0.0035,
1451,0.0027,
1452,0.0003,
1453,0.0013,
1454,0.0008,
1455,0.0031,
1456,0.0012,
1457,0.0049,
1458,0.0016,
1459,0.0071,
1460,0.0014,
1461,0.002,
1462,0.0009,
1463,0.0017,
1464,0.0056,
1465,0.002,
1466,0.002,
1467,0.0027,
1468,0.0034,
1469,0.0027,
1470,0.0022,
1471,0.0047,
1472,0.0013,
1473,0.0013,
1474,0.0032,
1475,0.0023,
1476,0.0053,
1477,0.0011,
1478,0.0034,
1479,0.0013,
1480,0.001,
1481,0.001,
1482,0.0029,
1483,0.002,
1484,0.0035,
1485,0.0012,
1486,0.0008,
1487,0.0016,
1488,0.0047,
1489,0.0027,
1490,0.0003,
1491,0.0031,
1492,0.0016,
1493,0.0021,
1494,0.0022,
1495,0.0018,
1496,0.0043,
1497,0.0015,
1498,0.0003,
1499,0.0039,
1500,0.002,
1501,0.0039,
1502,0.0025,
1503,0.0026,
1504,0.0007,
1505,0.003,
1506,0.0014,
1507,0.0035,
1508,0.0016,
1509,0.0016,
1510,0.0044,
1511,0.0038,
1512,0.0024,
1513,0.0033,
1514,0.0011,
1515,0.0033,
1516,0.0025,
1517,0.005,
1518,0.0013,
1519,0.0013,
1520,0.0052,
1521,0.0037,
1522,0.0013,
1523,0.0042,
1524,0.001,
1525,0.0023,
1526,0.004,
1527,0.0027,
1528,0.0019,
1529,0.0028,
1530,0.0026,
1531,0.0039,
1532,0.0018,
1533,0.0042,
1534,0.0025,
1535,0.0034,
1536,0.0031,
1537,0.0029,
1538,0.0011,
1539,0.0039,
1540,0.0028,
1541,0.0041,
1542,0.0007,
1543,0.0013,
1544,0.0004,
1545,0.0044,
1546,0.0029,
1547,0.0042,
1548,0.0031,
1549,0.0032,
1550,0.005,
1551,0.0054,
1552,0.0019,
1553,0.0024,
1554,0.0021,
1555,0.0016,
1556,0.0018,
1557,0.0047,
1558,0.0011,
1559,0.0019,
1560,0.0011,
1561,0.0015,
1562,0.0021,
1563,0.0019,
1564,0.0026,
1565,0.0019,
1566,0.0028,
1567,0.0023,
1568,0.0007,
1569,0.0013,
1570,0.0018,
1571,0.0032,
1572,0.0009,
1573,0.0024,
1574,0.0057,
1575,0.0021,
1576,0.0029,
1577,0.0047,
1578,0.0046,
1579,0.0029,
1580,0.0008,
1581,0.0026,
1582,0.0009,
1583,0.0008,
1584,0.0011,
1585,0.0037,
1586,0.0024,
1587,0.0015,
1588,0.0006,
1589,0.0033,
1590,0.0015,
1591,0.0009,
1592,0.0038,
1593,0.0021,
1594,0.0006,
1595,0.0041,
1596,0.0021,
1597,0.0048,
1598,0.0018,
1599,0.0017,
1600,0.0017,
1601,0.0039,
1602,0.0029,
1603,0.0016,
1604,0.0009,
1605,0.0023,
1606,0.006,
1607,0.0022,
1608,0.0016,
1609,0.0022,
1610,0.0029,
1611,0.0056,
1612,0.0048,
1613,0.0041,
1614,0.0026,
1615,0.0028,
1616,0.0045,
1617,0.0029,
1618,0.0007,
1619,0.0051,
1620,0.0013,
1621,0.0008,
1622,0.0031,
1623,0.0021,
1624,0.0023,
1625,0.0023,
1626,0.0009,
1627,0.0046,
1628,0.0025,
1629,0.0052,
1630,0.0018,
1631,0.0011,
1632,0.0043,
1633,0.0019,
1634,0.0003,
1635,0.0008,
1636,0.0045,
1637,0.0004,
1638,0.0043,
1639,0.0023,
1640,0.003,
1641,0.0015,
1642,0.001,
1643,0.0008,
1644,0.0039,
1645,0.0017,
1646,0.0032,
1647,0.0017,
1648,0.0029,
1649,0.0002,
1650,0.0015,
1651,0.0014,
1652,0.0029,
1653,0.0018,
1654,0.0037,
1655,0.0024,
1656,0.0012,
1657,0.0006,
1658,0.0026,
1659,0.0026,
1660,0.0041,
1661,0.002,
1662,0.003,
1663,0.0015,
1664,0.0021,
1665,0.0026,
1666,0.0027,
1667,0.0017,
1668,0.0018,
1669,0.002,
1670,0.0032,
1671,0.0005,
1672,0.0018,
1673,0.0048,
1674,0.0024,
1675,0.0039,
1676,0.0012,
1677,0.0046,
1678,0.0013,
1679,0.0029,
1680,0.0032,
1681,0.0037,
1682,0.0013,
1683,0.0007,
1684,0.0011,
1685,0.0036,
1686,0.0043,
1687,0.0062,
1688,0.0003,
1689,0.0029,
1690,0.0032,
1691,0.0041,
1692,0.0027,
1693,0.0025,
1694,0.0061,
1695,0.0054,
1696,0.0014,
1697,0.0019,
1698,0.0045,
1699,0.0006,
1700,0.0013,
1701,0.0012,
1702,0.0028,
1703,0.002,
1704,0.0036,
1705,0.0031,
1706,0.0027,
1707,0.0013,
1708,0.0022,
1709,0.0006,
1710,0.0004,
1711,0.0013,
1712,0.0007,
1713,0.001,
1714,0.0028,
1715,0.0017,
1716,0.0014,
1717,0.0021,
1718,0.0049,
1719,0.0008,
1720,0.0045,
1721,0.0005,
1722,0.0031,
1723,0.0047,
1724,0.0021,
1725,0.0018,
1726,0.0035,
1727,0.0015,
1728,0.0017,
1729,0.0026,
1730,0.0006,
1731,0.0024,
1732,0.001,
1733,0.0013,
1734,0.0031,
1735,0.0026,
1736,0.0047,
1737,0.0036,
1738,0.0002,
1739,0.0058,
1740,0.002,
1741,0.0046,
1742,0.0006,
1743,0.0042,
1744,0.0006,
1745,0.0042,
1746,0.0033,
1747,0.0023,
1748,0.0011,
1749,0.0035,
1750,0.0024,
1751,0.0005,
1752,0.0017,
1753,0.0011,
1754,0.0025,
1755,0.0017,
1756,0.0021,
1757,0.0014,
1758,0.0014,
1759,0.0013,
1760,0.0026,
1761,0.004,
1762,0.0015,
1763,0.004,
1764,0.0023,
1765,0.0008,
1766,0.0072,
1767,0.002,
1768,0.0022,
1769,0.0014,
1770,0.0023,
1771,0.0011,
1772,0.0012,
1773,0.0004,
1774,0.0044,
1775,0.0009,
1776,0.0028,
1777,0.0036,
1778,0.0031,
1779,0.0047,
1780,0.0013,
1781,0.0012,
1782,0.0011,
1783,0.0005,
1784,0.0027,
1785,0.0046,
1786,0.0026,
1787,0.0023,
1788,0.0023,
1789,0.0005,
1790,0.0037,
1791,0.0054,
1792,0.0033,
1793,0.0018,
1794,0.0035,
1795,0.0013,
1796,0.0037,
1797,0.0015,
1798,0.0036,
1799,0.0042,
1800,0.0022,
1801,0.0024,
1802,0.0038,
1803,0.0022,
1804,0.0021,
1805,0.0007,
1806,0.0021,
1807,0.0031,
1808,0.0016,
1809,0.0026,
1810,0.0003,
1811,0.0046,
1812,0.0018,
1813,0.0024,
1814,0.0009,
1815,0.0029,
1816,0.0068,
1817,0.0016,
1818,0.002,
1819,0.0037,
1820,0.0019,
1821,0.0019,
1822,0.0042,
1823,0.0032,
1824,0.0018,
1825,0.0047,
1826,0.0029,
1827,0.0046,
1828,0.0005,
1829,0.0057,
1830,0.0005,
1831,0.0045,
1832,0.0019,
1833,0.0015,
1834,0.0044,
1835,0.0033,
1836,0.0032,
1837,0.0008,
1838,0.0022,
1839,0.0032,
1840,0.0031,
1841,0.0003,
1842,0.0003,
1843,0.0061,
1844,0.0013,
1845,0.0021,
1846,0.0011,
1847,0.0035,
1848,0.0011,
1849,0.0038,
1850,0.0043,
1851,0.0025,
1852,0.0008,
1853,0.0006,
1854,0.0015,
1855,0.0017,
1856,0.0024,
1857,0.0023,
1858,0.0025,
1859,0.002,
1860,0.001,
1861,0.0022,
1862,0.0019,
1863,0.0024,
1864,0.0031,
1865,0.0029,
1866,0.0013,
1867,0.0035,
1868,0.0014,
1869,0.0011,
1870,0.0016,
1871,0.0024,
1872,0.0015,
1873,0.002,
1874,0.0033,
1875,0.0044,
1876,0.0018,
1877,0.0004,
1878,0.003,
1879,0.0026,
1880,0.0035,
1881,0.0005,
1882,0.0011,
1883,0.0024,
1884,0.0026,
1885,0.0045,
1886,0.0037,
1887,0.0014,
1888,0.0037,
1889,0.0015,
1890,0.0004,
1891,0.0035,
1892,0.0011,
1893,0.0027,
1894,0.0048,
1895,0.0007,
1896,0.0023,
1897,0.0014,
1898,0.0029,
1899,0.0049,
1900,0.0031,
1901,0.0036,
1902,0.0033,
1903,0.0026,
1904,0.0002,
1905,0.0022,
1906,0.0008,
1907,0.0077,
1908,0.0019,
1909,0.0048,
1910,0.0019,
1911,0.0018,
1912,0.0005,
1913,0.0009,
1914,0.0031,
1915,0.0036,
1916,0.0035,
1917,0.0036,
1918,0.0028,
1919,0.0018,
1920,0.0015,
1921,0.0015,
1922,0.0014,
1923,0.0058,
1924,0.0035,
1925,0.0014,
1926,0.0016,
1927,0.0026,
1928,0.0011,
1929,0.0009,
1930,0.0066,
1931,0.004,
1932,0.0049,
1933,0.0035,
1934,0.0025,
1935,0.0029,
1936,0.0005,
1937,0.0015,
1938,0.0012,
1939,0.0009,
1940,0.0021,
1941,0.0017,
1942,0.0008,
1943,0.0002,
1944,0.0012,
1945,0.0011,
1946,0.0007,
1947,0.0015,
1948,0.0006,
1949,0.0021,
1950,0.0014,
1951,0.002,
1952,0.0009,
1953,0.0034,
1954,0.0008,
1955,0.0016,
1956,0.0022,
1957,0.0053,
1958,0.0018,
1959,0.0004,
1960,0.0036,
1961,0.0025,
1962,0.0046,
1963,0.0023,
1964,0.002,
1965,0.0022,
1966,0.0033,
1967,0.0005,
1968,0.0034,
1969,0.0016,
1970,0.0025,
1971,0.002,
1972,0.0015,
1973,0.0018,
1974,0.0025,
1975,0.0011,
1976,0.0056,
1977,0.0037,
1978,0.0023,
1979,0.0008,
1980,0.0031,
1981,0.0018,
1982,0.0012,
1983,0.0016,
1984,0.0007,
1985,0.0019,
1986,0.003,
1987,0.002,
1988,0.0035,
1989,0.0023,
1990,0.004,
1991,0.0043,
1992,0.0032,
1993,0.003,
1994,0.0007,
1995,0.0014,
1996,0.0027,
1997,0.0019,
1998,0.0029,
1999,0.0014,
2000,0.0031,
2001,0.0038,
2002,0.0016,
2003,0.0021,
2004,0.0018,
2005,0.0037,
2006,0.0021,
2007,0.0023,
2008,0.0005,
2009,0.005,
2010,0.0026,
2011,0.0032,
2012,0.0007,
2013,0.0042,
2014,0.006,
2015,0.0016,
2016,0.0025,
2017,0.0024,
2018,0.0024,
2019,0.0005,
2020,0.0006,
2021,0.0032,
2022,0.0033,
2023,0.0042,
2024,0.0019,
2025,0.0055,
2026,0.001,
2027,0.0021,
2028,0.002,
2029,0.0028,
2030,0.0059,
2031,0.0015,
2032,0.0051,
2033,0.0021,
2034,0.0011,
2035,0.0014,
2036,0.0061,
2037,0.0021,
2038,0.001,
2039,0.002,
2040,0.0034,
2041,0.0008,
2042,0.0039,
2043,0.0005,
2044,0.0018,
2045,0.004,
2046,0.001,
2047,0.0012,
2048,0.0016,
2049,0.0061,
2050,0.0016,
2051,0.002,
2052,0.0017,
2053,0.0024,
2054,0.001,
2055,0.0021,
2056,0.003,
2057,0.0024,
2058,0.0029,
2059,0.0015,
2060,0.0002,
2061,0.0017,
2062,0.0018,
2063,0.0039,
2064,0.0024,
2065,0.002,
2066,0.0013,
2067,0.0021,
2068,0.0036,
2069,0.0047,
2070,0.0045,
2071,0.0011,
2072,0.0012,
2073,0.005,
2074,0.0028,
2075,0.0026,
2076,0.0008,
2077,0.001,
2078,0.0023,
2079,0.0028,
2080,0.005,
2081,0.0014,
2082,0.001,
2083,0.001,
2084,0.003,
2085,0.0005,
2086,0.0018,
2087,0.0006,
2088,0.005,
2089,0.0009,
2090,0.0011,
2091,0.0034,
2092,0.0027,
2093,0.001,
2094,0.0012,
2095,0.0018,
2096,0.0042,
2097,0.0041,
2098,0.0008,
2099,0.001,
2100,0.003,
2101,0.0024,
2102,0.0019,
2103,0.005,
2104,0.0024,
2105,0.0025,
2106,0.0037,
2107,0.0015,
2108,0.0049,
2109,0.0025,
2110,0.0059,
2111,0.0016,
2112,0.0009,
2113,0.004,
2114,0.0027,
2115,0.0023,
2116,0.0058,
2117,0.002,
2118,0.001,
2119,0.0008,
2120,0.0032,
2121,0.0022,
2122,0.0004,
2123,0.002,
2124,0.0007,
2125,0.0027,
2126,0.003,
2127,0.0024,
2128,0.0011,
2129,0.0033,
2130,0.0006,
2131,0.0029,
2132,0.0007,
2133,0.0036,
2134,0.0028,
2135,0.0032,
2136,0.0036,
2137,0.0006,
2138,0.0015,
2139,0.0034,
2140,0.0024,
2141,0.0012,
2142,0.0004,
2143,0.0021,
2144,0.001,
2145,0.0028,
2146,0.0055,
2147,0.0012,
2148,0.0016,
2149,0.0007,
2150,0.0017,
2151,0.0049,
2152,0.0017,
2153,0.0014,
2154,0.0016,
2155,0.0022,
2156,0.0041,
2157,0.0048,
2158,0.0044,
2159,0.0031,
2160,0.0017,
2161,0.0006,
2162,0.0008,
2163,0.001,
2164,0.0015,
2165,0.0028,
2166,0.0036,
2167,0.0003,
2168,0.0014,
2169,0.0029,
2170,0.0008,
2171,0.0033,
2172,0.0017,
2173,0.0026,
2174,0.0033,
2175,0.0022,
2176,0.0012,
2177,0.0029,
2178,0.0048,
2179,0.004,
2180,0.0014,
2181,0.0008,
2182,0.001,
2183,0.0008,
2184,0.0017,
2185,0.002,
2186,0.0013,
2187,0.0009,
2188,0.0026,
2189,0.0045,
2190,0.0026,
2191,0.0054,
2192,0.0023,
2193,0.0009,
2194,0.0025,
2195,0.0032,
2196,0.0022,
2197,0.0029,
2198,0.0036,
2199,0.0025,
2200,0.0026,
2201,0.0022,
2202,0.0021,
2203,0.0021,
2204,0.0003,
2205,0.0033,
2206,0.002,
2207,0.0002,
2208,0.0017,
2209,0.0025,
2210,0.001,
2211,0.0008,
2212,0.0029,
2213,0.0011,
2214,0.0037,
2215,0.0052,
2216,0.0016,
2217,0.0058,
2218,0.0008,
2219,0.0028,
2220,0.0038,
2221,0.0033,
2222,0.0022,
2223,0.0024,
2224,0.0024,
2225,0.0042,
2226,0.0031,
2227,0.0033,
2228,0.0028,
2229,0.0018,
2230,0.0018,
2231,0.0024,
2232,0.002,
2233,0.0027,
2234,0.0033,
2235,0.0026,
2236,0.0006,
2237,0.003,
2238,0.0011,
2239,0.0013,
2240,0.0025,
2241,0.0021,
2242,0.0032,
2243,0.0022,
2244,0.0032,
2245,0.003,
2246,0.005,
2247,0.0043,
2248,0.0031,
2249,0.002,
2250,0.0026,
2251,0.0021,
2252,0.0034,
2253,0.0034,
2254,0.0017,
2255,0.004,
2256,0.0023,
2257,0.0022,
2258,0.0027,
2259,0.0009,
2260,0.0014,
2261,0.002,
2262,0.0009,
2263,0.0027,
2264,0.0026,
2265,0.0025,
2266,0.0008,
2267,0.0013,
2268,0.0012,
2269,0.0042,
2270,0.0019,
2271,0.0027,
2272,0.0018,
2273,0.003,
2274,0.0023,
2275,0.0009,
2276,0.0004,
2277,0.0056,
2278,0.0024,
2279,0.0022,
2280,0.0039,
2281,0.0027,
2282,0.0021,
2283,0.001,
2284,0.0008,
2285,0.0032,
2286,0.0028,
2287,0.0014,
2288,0.0012,
2289,0.0002,
2290,0.0017,
2291,0.0039,
2292,0.004,
2293,0.0017,
2294,0.0011,
2295,0.0023,
2296,0.0034,
2297,0.0007,
2298,0.0026,
2299,0.0018,
2300,0.0023,
2301,0.0011,
2302,0.0021,
2303,0.0018,
2304,0.0005,
2305,0.0085,
2306,0.0031,
2307,0.0008,
2308,0.0013,
2309,0.002,
2310,0.0011,
2311,0.0027,
2312,0.0039,
2313,0.0025,
2314,0.0018,
2315,0.0031,
2316,0.0009,
2317,0.0039,
2318,0.0016,
2319,0.0023,
2320,0.0034,
2321,0.0007,
2322,0.003,
2323,0.0049,
2324,0.002,
2325,0.0027,
2326,0.0025,
2327,0.001,
2328,0.0034,
2329,0.0021,
2330,0.0015,
2331,0.0009,
2332,0.002,
2333,0.0004,
2334,0.0018,
2335,0.0031,
2336,0.0017,
2337,0.0021,
2338,0.0011,
2339,0.0007,
2340,0.0047,
2341,0.0003,
2342,0.0037,
2343,0.0009,
2344,0.0024,
2345,0.0013,
2346,0.0026,
2347,0.0023,
2348,0.004,
2349,0.0014,
2350,0.0027,
2351,0.0027,
2352,0.0041,
2353,0.0017,
2354,0.0023,
2355,0.0046,
2356,0.0032,
2357,0.0037,
2358,0.0022,
2359,0.001,
2360,0.0035,
2361,0.0028,
2362,0.0037,
2363,0.0021,
2364,0.0016,
2365,0.0019,
2366,0.002,
2367,0.0041,
2368,0.0044,
2369,0.0043,
2370,0.0008,
2371,0.0007,
2372,0.0033,
2373,0.0029,
2374,0.0043,
2375,0.0012,
2376,0.0004,
2377,0.0019,
2378,0.0023,
2379,0.0029,
2380,0.0028,
2381,0.0026,
2382,0.0006,
2383,0.0007,
2384,0.0033,
2385,0.004,
2386,0.0016,
2387,0.0004,
2388,0.0035,
2389,0.0025,
2390,0.0027,
2391,0.0044,
2392,0.004,
2393,0.0037,
2394,0.003,
2395,0.0003,
2396,0.0043,
2397,0.0025,
2398,0.0043,
2399,0.0004,
2400,0.0012,
2401,0.0018,
2402,0.0028,
2403,0.0012,
2404,0.0027,
2405,0.0014,
2406,0.0044,
2407,0.0005,
2408,0.002,
2409,0.0022,
2410,0.0025,
2411,0.0038,
2412,0.0024,
2413,0.0006,
2414,0.002,
2415,0.0027,
2416,0.0039,
2417,0.0011,
2418,0.0021,
2419,0.0018,
2420,0.0014,
2421,0.002,
2422,0.0033,
2423,0.0012,
2424,0.0021,
2425,0.0028,
2426,0.0016,
2427,0.0035,
2428,0.0031,
2429,0.002,
2430,0.0009,
2431,0.0013,
2432,0.002,
2433,0.0013,
2434,0.0033,
2435,0.0032,
2436,0.0032,
2437,0.0016,
2438,0.0029,
2439,0.0016,
2440,0.0023,
2441,0.0014,
2442,0.0016,
2443,0.0007,
2444,0.0022,
2445,0.0006,
2446,0.0018,
2447,0.0031,
2448,0.0014,
2449,0.0019,
2450,0.0019,
2451,0.0004,
2452,0.0023,
2453,0.0024,
2454,0.0029,
2455,0.0029,
2456,0.0024,
2457,0.0018,
2458,0.0006,
2459,0.0026,
2460,0.0006,
2461,0.0007,
2462,0.0025,
2463,0.0044,
2464,0.0053,
2465,0.0016,
2466,0.0014,
2467,0.0037,
2468,0.0019,
2469,0.0027,
2470,0.0051,
2471,0.0027,
2472,0.0033,
2473,0.0013,
2474,0.0038,
2475,0.003,
2476,0.0026,
2477,0.0022,
2478,0.0012,
2479,0.002,
2480,0.006,
2481,0.0024,
2482,0.002,
2483,0.0044,
2484,0.0002,
2485,0.001,
2486,0.0015,
2487,0.0018,
2488,0.0012,
2489,0.0027,
2490,0.0021,
2491,0.002,
2492,0.0018,
2493,0.0056,
2494,0.0048,
2495,0.0026,
2496,0.0019,
2497,0.0014,
2498,0.0011,
2499,0.0043,
2500,0.0064,
2501,0.0006,
2502,0.0015,
2503,0.0003,
2504,0.0018,
2505,0.0029,
2506,0.0009,
2507,0.0004,
2508,0.0018,
2509,0.0032,
2510,0.0001,
2511,0.0026,
2512,0.0044,
2513,0.0017,
2514,0.0038,
2515,0.0007,
2516,0.0024,
2517,0.001,
2518,0.0016,
2519,0.0021,
2520,0.0007,
2521,0.002,
2522,0.0008,
2523,0.001,
2524,0.005,
2525,0.0013,
2526,0.0014,
2527,0.0032,
2528,0.0043,
2529,0.002,
2530,0.0019,
2531,0.0057,
2532,0.0005,
2533,0.0028,
2534,0.0024,
2535,0.0019,
2536,0.002,
2537,0.0033,
2538,0.0052,
2539,0.0009,
2540,0.0043,
2541,0.0014,
2542,0.0019,
2543,0.0009,
2544,0.0013,
2545,0.0027,
2546,0.0013,
2547,0.0025,
2548,0.0017,
2549,0.0005,
2550,0.0036,
2551,0.0058,
2552,0.0027,
2553,0.0023,
2554,0.0022,
2555,0.0023,
2556,0.0015,
2557,0.0023,
2558,0.0021,
2559,0.0017,
2560,0.0031,
2561,0.0037,
2562,0.0009,
2563,0.0049,
2564,0.0029,
2565,0.0013,
2566,0.0039,
2567,0.0029,
2568,0.0021,
2569,0.0033,
2570,0.0049,
2571,0.0009,
2572,0.0017,
2573,0.0013,
2574,0.0025,
2575,0.0026,
2576,0.0006,
2577,0.0016,
2578,0.0037,
2579,0.001,
2580,0.0007,
2581,0.0008,
2582,0.003,
2583,0.0027,
2584,0.0022,
2585,0.0006,
2586,0.0016,
2587,0.0012,
2588,0.0031,
2589,0.0017,
2590,0.0005,
2591,0.0053,
2592,0.002,
2593,0.0022,
2594,0.0003,
2595,0.0019,
2596,0.0031,
2597,0.002,
2598,0.0057,
2599,0.0027,
2600,0.0027,
2601,0.0028,
2602,0.0059,
2603,0.001,
2604,0.0029,
2605,0.0037,
2606,0.0024,
2607,0.0032,
2608,0.0015,
2609,0.0025,
2610,0.0041,
2611,0.0019,
2612,0.0026,
2613,0.0009,
2614,0.0023,
2615,0.0008,
2616,0.0032,
2617,0.0047,
2618,0.0019,
2619,0.0005,
2620,0.0042,
2621,0.0029,
2622,0.0039,
2623,0.0019,
2624,0.006,
2625,0.0011,
2626,0.002,
2627,0.0016,
2628,0.0015,
2629,0.0021,
2630,0.0045,
2631,0.0005,
2632,0.0008,
2633,0.0003,
2634,0.0013,
2635,0.0019,
2636,0.0005,
2637,0.004,
2638,0.0002,
2639,0.0026,
2640,0.0013,
2641,0.0049,
2642,0.0036,
2643,0.0009,
2644,0.0002,
2645,0.0022,
2646,0.0023,
2647,0.0014,
2648,0.0039,
2649,0.0046,
2650,0.0021,
2651,0.0025,
2652,0.0029,
2653,0.0006,
2654,0.0017,
2655,0.0035,
2656,0.0024,
2657,0.0019,
2658,0.0011,
2659,0.0014,
2660,0.002,
2661,0.0015,
2662,0.0049,
2663,0.0017,
2664,0.002,
2665,0.0018,
2666,0.0003,
2667,0.0038,
2668,0.0024,
2669,0.004,
2670,0.0014,
2671,0.0043,
2672,0.0047,
2673,0.0017,
2674,0.0025,
2675,0.0031,
2676,0.0026,
2677,0.0006,
2678,0.0006,
2679,0.0017,
2680,0.0013,
2681,0.0024,
2682,0.0044,
2683,0.0015,
2684,0.0015,
2685,0.0022,
2686,0.0032,
2687,0.0036,
2688,0.0015,
2689,0.0019,
2690,0.0032,
2691,0.0008,
2692,0.0008,
2693,0.0028,
2694,0.0006,
2695,0.0052,
2696,0.0009,
2697,0.0013,
2698,0.0013,
2699,0.0034,
2700,0.0048,
2701,0.0007,
2702,0.0057,
2703,0.0025,
2704,0.0035,
2705,0.0014,
2706,0.0027,
2707,0.0003,
2708,0.0049,
2709,0.0031,
2710,0.002,
2711,0.0012,
2712,0.0014,
2713,0.0018,
2714,0.0027,
2715,0.0006,
2716,0.0019,
2717,0.001,
2718,0.0015,
2719,0.001,
2720,0.002,
2721,0.0002,
2722,0.002,
2723,0.002,
2724,0.0021,
2725,0.0015,
2726,0.0018,
2727,0.0007,
2728,0.001,
2729,0.0008,
2730,0.001,
2731,0.0031,
2732,0.0032,
2733,0.0036,
2734,0.0013,
2735,0.0007,
2736,0.0035,
2737,0.0043,
2738,0.0035,
2739,0.0023,
2740,0.0022,
2741,0.002,
2742,0.0041,
2743,0.0014,
2744,0.0043,
2745,0.0007,
2746,0.0011,
2747,0.0016,
2748,0.0038,
2749,0.001,
2750,0.0039,
2751,0.0029,
2752,0.0008,
2753,0.0012,
2754,0.0056,
2755,0.0019,
2756,0.0003,
2757,0.0041,
2758,0.0037,
2759,0.0036,
2760,0.0038,
2761,0.0008,
2762,0.004,
2763,0.0003,
2764,0.0029,
2765,0.004,
2766,0.0045,
2767,0.0015,
2768,0.0013,
2769,0.0034,
2770,0.0049,
2771,0.0033,
2772,0.0021,
2773,0.001,
2774,0.002,
2775,0.0011,
2776,0.0053,
2777,0.0028,
2778,0.0033,
2779,0.0012,
2780,0.0026,
2781,0.0015,
2782,0.0014,
2783,0.0013,
2784,0.0027,
2785,0.001,
2786,0.0001,
2787,0.003,
2788,0.0037,
2789,0.0042,
2790,0.0003,
2791,0.0015,
2792,0.0016,
2793,0.0025,
2794,0.003,
2795,0.0033,
2796,0.0034,
2797,0.0039,
2798,0.0015,
2799,0.0026,
2800,0.0023,
2801,0.0039,
2802,0.0022,
2803,0.0012,
2804,0.0038,
2805,0.0016,
2806,0.002,
2807,0.0012,
2808,0.0025,
2809,0.0024,
2810,0.003,
2811,0.0036,
2812,0.0036,
2813,0.0007,
2814,0.0015,
2815,0.001,
2816,0.0019,
2817,0.0029,
2818,0.0048,
2819,0.0018,
2820,0.0033,
2821,0.0029,
2822,0.0013,
2823,0.0009,
2824,0.003,
2825,0.0016,
2826,0.001,
2827,0.0002,
2828,0.0019,
2829,0.003,
2830,0.0014,
2831,0.004,
2832,0.0019,
2833,0.0014,
2834,0.0018,
2835,0.0021,
2836,0.0013,
2837,0.0016,
2838,0.0014,
2839,0.0048,
2840,0.0025,
2841,0.0024,
2842,0.003,
2843,0.0039,
2844,0.0045,
2845,0.0036,
2846,0.0017,
2847,0.0012,
2848,0.0029,
2849,0.001,
2850,0.0035,
2851,0.0002,
2852,0.005,
2853,0.0014,
2854,0.0009,
2855,0.0008,
2856,0.001,
2857,0.0032,
2858,0.0029,
2859,0.0003,
2860,0.0038,
2861,0.0012,
2862,0.0022,
2863,0.0043,
2864,0.0006,
2865,0.0023,
2866,0.0022,
2867,0.0003,
2868,0.002,
2869,0.0037,
2870,0.002,
2871,0.0046,
2872,0.0028,
2873,0.0036,
2874,0.0008,
2875,0.0028,
2876,0.0026,
2877,0.003,
2878,0.0041,
2879,0.0008,
2880,0.0024,
2881,0.001,
2882,0.0023,
2883,0.0003,
2884,0.0007,
2885,0.0012,
2886,0.0019,
2887,0.0055,
2888,0.0032,
2889,0.0014,
2890,0.002,
2891,0.0042,
2892,0.0018,
2893,0.003,
2894,0.0026,
2895,0.0016,
2896,0.0005,
2897,0.0016,
2898,0.0019,
2899,0.0024,
2900,0.0041,
2901,0.0025,
2902,0.0047,
2903,0.0039,
2904,0.0023,
2905,0.0003,
2906,0.0011,
2907,0.0011,
2908,0.0002,
2909,0.0008,
2910,0.0035,
2911,0.0036,
2912,0.0021,
2913,0.0028,
2914,0.0056,
2915,0.0016,
2916,0.0021,
2917,0.0022,
2918,0.0008,
2919,0.0017,
2920,0.0042,
2921,0.0011,
2922,0.0025,
2923,0.0026,
2924,0.0009,
2925,0.0008,
2926,0.0019,
2927,0.0011,
2928,0.0012,
2929,0.0022,
2930,0.0038,
2931,0.0013,
2932,0.0031,
2933,0.003,
2934,0.0017,
2935,0.003,
2936,0.0036,
2937,0.0009,
2938,0.0028,
2939,0.004,
2940,0.002,
2941,0.0038,
2942,0.0012,
2943,0.0027,
2944,0.0018,
2945,0.0007,
2946,0.0008,
2947,0.0031,
2948,0.004,
2949,0.001,
2950,0.0015,
2951,0.003,
2952,0.0017,
2953,0.0025,
2954,0.0007,
2955,0.0008,
2956,0.0032,
2957,0.0043,
2958,0.0024,
2959,0.0003,
2960,0.0016,
2961,0.0029,
2962,0.0035,
2963,0.0051,
2964,0.0026,
2965,0.0007,
2966,0.0035,
2967,0.002,
2968,0.0012,
2969,0.0011,
2970,0.0008,
2971,0.0029,
2972,0.003,
2973,0.0006,
2974,0.0012,
2975,0.0039,
2976,0.0032,
2977,0.0023,
2978,0.0039,
2979,0.001,
2980,0.0016,
2981,0.0055,
2982,0.0011,
2983,0.0028,
2984,0.0035,
2985,0.0011,
2986,0.0013,
2987,0.0007,
2988,0.0035,
2989,0.0043,
2990,0.002,
2991,0.0061,
2992,0.0018,
2993,0.002,
2994,0.0039,
2995,0.0022,
2996,0.0057,
2997,0.004,
2998,0.0028,
2999,0.0024,
3000,0.0019,
3001,0.0021,
3002,0.0044,
3003,0.0046,
3004,0.0008,
3005,0.0006,
3006,0.003,
3007,0.0044,
3008,0.002,
3009,0.0003,
3010,0.0019,
3011,0.0019,
3012,0.0035,
3013,0.0024,
3014,0.0022,
3015,0.0013,
3016,0.0027,
3017,0.002,
3018,0.0041,
3019,0.0018,
3020,0.0012,
3021,0.0007,
3022,0.0011,
3023,0.0048,
3024,0.0011,
3025,0.0014,
3026,0.002,
3027,0.0017,
3028,0.001,
3029,0.0015,
3030,0.0014,
3031,0.0012,
3032,0.0018,
3033,0.0033,
3034,0.0029,
3035,0.0017,
3036,0.0037,
3037,0.0026,
3038,0.0019,
3039,0.0011,
3040,0.0002,
3041,0.0036,
3042,0.001,
3043,0.0011,
3044,0.0034,
3045,0.0024,
3046,0.0024,
3047,0.0029,
3048,0.001,
3049,0.0076,
3050,0.0004,
3051,0.0016,
3052,0.0004,
3053,0.0026,
3054,0.0021,
3055,0.0016,
3056,0.0017,
3057,0.0013,
3058,0.0017,
3059,0.0017,
3060,0.0049,
3061,0.0011,
3062,0.0013,
3063,0.0036,
3064,0.0034,
3065,0.0051,
3066,0.0005,
3067,0.0012,
3068,0.002,
3069,0.0003,
3070,0.0012,
3071,0.0026,
3072,0.0015,
3073,0.0023,
3074,0.0019,
3075,0.0053,
3076,0.0012,
3077,0.0025,
3078,0.0014,
3079,0.0023,
3080,0.0052,
3081,0.0028,
3082,0.0004,
3083,0.0014,
3084,0.0007,
3085,0.0018,
3086,0.0018,
3087,0.001,
3088,0.0036,
3089,0.0012,
3090,0.0018,
3091,0.0018,
3092,0.0022,
3093,0.0017,
3094,0.0026,
3095,0.0017,
3096,0.0015,
3097,0.0003,
3098,0.0024,
3099,0.001,
3100,0.0022,
3101,0.0044,
3102,0.0027,
3103,0.0029,
3104,0.002,
3105,0.0056,
3106,0.0063,
3107,0.0047,
3108,0.0006,
3109,0.0046,
3110,0.0049,
3111,0.0017,
3112,0.0011,
3113,0.0008,
3114,0.0008,
3115,0.0022,
3116,0.0025,
3117,0.0016,
3118,0.0011,
3119,0.0022,
3120,0.001,
3121,0.0025,
3122,0.0027,
3123,0.0028,
3124,0.0002,
3125,0.0031,
3126,0.0027,
3127,0.0028,
3128,0.0025,
3129,0.0015,
3130,0.0017,
3131,0.0008,
3132,0.0011,
3133,0.0016,
3134,0.0049,
3135,0.0026,
3136,0.0044,
3137,0.003,
3138,0.0011,
3139,0.0012,
3140,0.001,
3141,0.0014,
3142,0.0022,
3143,0.0029,
3144,0.0005,
3145,0.0025,
3146,0.0025,
3147,0.0022,
3148,0.003,
3149,0.002,
3150,0.0053,
3151,0.0009,
3152,0.0008,
3153,0.0048,
3154,0.0014,
3155,0.0037,
3156,0.0019,
3157,0.003,
3158,0.0015,
3159,0.0039,
3160,0.0018,
3161,0.0013,
3162,0.0029,
3163,0.0014,
3164,0.0022,
3165,0.0025,
3166,0.0032,
3167,0.0026,
3168,0.0005,
3169,0.0022,
3170,0.0027,
3171,0.0029,
3172,0.0031,
3173,0.0021,
3174,0.0032,
3175,0.0048,
3176,0.0028,
3177,0.0021,
3178,0.0028,
3179,0.0003,
3180,0.0024,
3181,0.0019,
3182,0.0016,
3183,0.0011,
3184,0.0015,
3185,0.0005,
3186,0.0045,
3187,0.0007,
3188,0.0024,
3189,0.0015,
3190,0.001,
3191,0.0039,
3192,0.0036,
3193,0.0011,
3194,0.0032,
3195,0.0024,
3196,0.0004,
3197,0.0007,
3198,0.0036,
3199,0.0019,
3200,0.0024,
3201,0.0029,
3202,0.0022,
3203,0.0006,
3204,0.0007,
3205,0.0017,
3206,0.0042,
3207,0.004,
3208,0.004,
3209,0.0072,
3210,0.0002,
3211,0.0036,
3212,0.0009,
3213,0.0023,
3214,0.0008,
3215,0.0002,
3216,0.0014,
3217,0.005,
3218,0.0024,
3219,0.0022,
3220,0.0053,
3221,0.0005,
3222,0.0033,
3223,0.0014,
3224,0.003,
3225,0.002,
3226,0.0014,
3227,0.0057,
3228,0.0034,
3229,0.0009,
3230,0.0013,
3231,0.0011,
3232,0.002,
3233,0.0029,
3234,0.0023,
3235,0.0016,
3236,0.0014,
3237,0.0017,
3238,0.0002,
3239,0.0032,
3240,0.0012,
3241,0.0043,
3242,0.0038,
3243,0.0005,
3244,0.0022,
3245,0.0045,
3246,0.0024,
3247,0.0037,
3248,0.0025,
3249,0.0008,
3250,0.0022,
3251,0.0029,
3252,0.0011,
3253,0.0014,
3254,0.0025,
3255,0.0072,
3256,0.0027,
3257,0.0025,
3258,0.0006,
3259,0.0008,
3260,0.0013,
3261,0.0017,
3262,0.004,
3263,0.0012,
3264,0.0011,
3265,0.0008,
3266,0.0014,
3267,0.0007,
3268,0.0005,
3269,0.0017,
3270,0.0025,
3271,0.0015,
3272,0.0027,
3273,0.0023,
3274,0.0019,
3275,0.0049,
3276,0.0045,
3277,0.0025,
3278,0.0009,
3279,0.0011,
3280,0.0033,
3281,0.0011,
3282,0.004,
3283,0.0002,
3284,0.0015,
3285,0.0025,
3286,0.003,
3287,0.0034,
3288,0.0007,
3289,0.0022,
3290,0.0014,
3291,0.0008,
3292,0.0031,
3293,0.0031,
3294,0.0028,
3295,0.0023,
3296,0.0028,
3297,0.0024,
3298,0.0008,
3299,0.0022,
3300,0.0037,
3301,0.0044,
3302,0.0036,
3303,0.0023,
3304,0.001,
3305,0.0011,
3306,0.001,
3307,0.0034,
3308,0.0014,
3309,0.0022,
3310,0.0023,
3311,0.0008,
3312,0.003,
3313,0.0007,
3314,0.0022,
3315,0.0024,
3316,0.0005,
3317,0.0007,
3318,0.0014,
3319,0.0004,
3320,0.0067,
3321,0.0057,
3322,0.003,
3323,0.0031,
3324,0.0044,
3325,0.0013,
3326,0.0027,
3327,0.0008,
3328,0.0005,
3329,0.0005,
3330,0.001,
3331,0.0042,
3332,0.0021,
3333,0.0031,
3334,0.0028,
3335,0.0014,
3336,0.0036,
3337,0.001,
3338,0.0021,
3339,0.0026,
3340,0.0025,
3341,0.0021,
3342,0.0026,
3343,0.0007,
3344,0.0029,
3345,0.0017,
3346,0.0027,
3347,0.0007,
3348,0.0021,
3349,0.0012,
3350,0.0009,
3351,0.0026,
3352,0.0035,
3353,0.0022,
3354,0.0036,
3355,0.0025,
3356,0.0034,
3357,0.0032,
3358,0.0025,
3359,0.0015,
3360,0.0023,
3361,0.0003,
3362,0.0031,
3363,0.0043,
3364,0.0016,
3365,0.0023,
3366,0.001,
3367,0.0027,
3368,0.002,
3369,0.0019,
3370,0.0025,
3371,0.0017,
3372,0.0043,
3373,0.0036,
3374,0.0032,
3375,0.0006,
3376,0.0039,
3377,0.0035,
3378,0.0024,
3379,0.0019,
3380,0.0022,
3381,0.0039,
3382,0.002,
3383,0.0021,
3384,0.0047,
3385,0.0019,
3386,0.0013,
3387,0.001,
3388,0.0041,
3389,0.0008,
3390,0.0011,
3391,0.0019,
3392,0.0031,
3393,0.0039,
3394,0.0019,
3395,0.0014,
3396,0.0005,
3397,0.0012,
3398,0.0012,
3399,0.0022,
3400,0.0031,
3401,0.0008,
3402,0.0005,
3403,0.0028,
3404,0.0021,
3405,0.0017,
3406,0.0018,
3407,0.004,
3408,0.0014,
3409,0.0016,
3410,0.0024,
3411,0.0016,
3412,0.001,
3413,0.0018,
3414,0.0024,
3415,0.0019,
3416,0.0011,
3417,0.001,
3418,0.0019,
3419,0.0033,
3420,0.0031,
3421,0.0023,
3422,0.0005,
3423,0.0019,
3424,0.0028,
3425,0.0032,
3426,0.0002,
3427,0.0023,
3428,0.0013,
3429,0.0031,
3430,0.0037,
3431,0.0025,
3432,0.0045,
3433,0.0029,
3434,0.0014,
3435,0.0012,
3436,0.003,
3437,0.0022,
3438,0.0001,
3439,0.0014,
3440,0.0027,
3441,0.0006,
3442,0.0047,
3443,0.0016,
3444,0.0019,
3445,0.0022,
3446,0.0028,
3447,0.0007,
3448,0.0015,
3449,0.0008,
3450,0.0017,
3451,0.0008,
3452,0.0028,
3453,0.0028,
3454,0.001,
3455,0.002,
3456,0.0008,
3457,0.0048,
3458,0.0009,
3459,0.0031,
3460,0.0044,
3461,0.0011,
3462,0.0046,
3463,0.0006,
3464,0.0051,
3465,0.0011,
3466,0.0064,
3467,0.0018,
3468,0.0012,
3469,0.0056,
3470,0.0043,
3471,0.0019,
3472,0.0021,
3473,0.0029,
3474,0.0007,
3475,0.0015,
3476,0.004,
3477,0.0024,
